"concat(first_name, last_name)"
StevenKing
NeenaKochhar
"LexDe Haan"
AlexanderHunold
BruceErnst
DavidAustin
ValliPataballa
DianaLorentz
NancyGreenberg
DanielFaviet
JohnChen
IsmaelSciarra
"Jose ManuelUrman"
LuisPopp
DenRaphaely
AlexanderKhoo
ShelliBaida
SigalTobias
GuyHimuro
KarenColmenares
MatthewWeiss
AdamFripp
PayamKaufling
ShantaVollman
KevinMourgos
JuliaNayer
IreneMikkilineni
JamesLandry
StevenMarkle
LauraBissot
MozheAtkinson
JamesMarlow
TJOlson
JasonMallin
MichaelRogers
KiGee
HazelPhiltanker
RenskeLadwig
StephenStiles
JohnSeo
JoshuaPatel
TrennaRajs
CurtisDavies
RandallMatos
PeterVargas
JohnRussell
KarenPartners
AlbertoErrazuriz
GeraldCambrault
EleniZlotkey
PeterTucker
DavidBernstein
PeterHall
ChristopherOlsen
NanetteCambrault
OliverTuvault
JanetteKing
PatrickSully
AllanMcEwen
LindseySmith
LouiseDoran
SarathSewall
ClaraVishney
DanielleGreene
MatteaMarvins
DavidLee
SundarAnde
AmitBanda
LisaOzer
HarrisonBloom
TaylerFox
WilliamSmith
ElizabethBates
SunditaKumar
EllenAbel
AlyssaHutton
JonathonTaylor
JackLivingston
KimberelyGrant
CharlesJohnson
WinstonTaylor
JeanFleaur
MarthaSullivan
GirardGeoni
NanditaSarchand
AlexisBull
JuliaDellinger
AnthonyCabrio
KellyChung
JenniferDilly
TimothyGates
RandallPerkins
SarahBell
BritneyEverett
SamuelMcCain
VanceJones
AlanaWalsh
KevinFeeney
DonaldOConnell
DouglasGrant
JenniferWhalen
MichaelHartstein
PatFay
SusanMavris
HermannBaer
ShelleyHiggins
WilliamGietz
